Sup;Conf;Lift;Conv;Chi2;Lapl;Leve;Jacc;Cosi;Phi;MI;WRA;Entp;Gini;Cons;Ant
0.654945054945055;0.9900332225913622;1.4033181192494384;29.548717948718078;346.5396018612751;0.9867986798679867;0.1882333051563821;0.9197530864197531;0.9586950832862421;0.8727115781265935;0.7183926616719316;0.18823330515638206;0.4265015683379141;0.15824445934847153;L3>L6;A1=1
0.6395604395604395;0.9667774086378738;1.4281938991241316;9.724615384615385;341.64219507714677;0.9636963696369637;0.19174978867286552;0.9150943396226415;0.9557281610904681;0.8665229178749514;0.661581551705141;0.19174978867286557;0.4151759277219567;0.16421217933612514;L4>L6, L3>L6;A1=1
0.6395604395604395;0.9667774086378738;1.4281938991241316;9.724615384615385;341.64219507714677;0.9636963696369637;0.19174978867286552;0.9150943396226415;0.9557281610904681;0.8665229178749514;0.661581551705141;0.19174978867286557;0.4151759277219567;0.16421217933612514;L4>L6;A1=1
